-- 插入车间数据
INSERT INTO workshop (workshop_id, workshop_name) VALUES
('WS001', '一车间'),
('WS002', '二车间'),
('WS003', '三车间'),
('WS004', '四车间'),
('WS005', '五车间')
ON DUPLICATE KEY UPDATE workshop_name = VALUES(workshop_name);

-- 插入50条设备数据
INSERT INTO equipment (equipment_id, model, factory_date, purchase_price, workshop_id, responsible_person, status) VALUES
('EQ001', 'CNC-001', '2020-01-15', 150000.00, 'WS001', '张三', '在用'),
('EQ002', 'CNC-002', '2020-02-20', 180000.00, 'WS001', '李四', '在用'),
('EQ003', 'CNC-003', '2020-03-10', 200000.00, 'WS001', '王五', '在用'),
('EQ004', 'CNC-004', '2020-04-05', 165000.00, 'WS001', '赵六', '维修'),
('EQ005', 'CNC-005', '2020-05-12', 190000.00, 'WS001', '张三', '在用'),
('EQ006', 'CNC-006', '2019-06-18', 140000.00, 'WS002', '李四', '在用'),
('EQ007', 'CNC-007', '2019-07-22', 175000.00, 'WS002', '王五', '在用'),
('EQ008', 'CNC-008', '2019-08-30', 210000.00, 'WS002', '赵六', '在用'),
('EQ009', 'CNC-009', '2019-09-14', 155000.00, 'WS002', '张三', '维修'),
('EQ010', 'CNC-010', '2019-10-25', 185000.00, 'WS002', '李四', '在用'),
('EQ011', 'CNC-011', '2021-01-08', 160000.00, 'WS003', '王五', '在用'),
('EQ012', 'CNC-012', '2021-02-16', 195000.00, 'WS003', '赵六', '在用'),
('EQ013', 'CNC-013', '2021-03-24', 220000.00, 'WS003', '张三', '在用'),
('EQ014', 'CNC-014', '2021-04-11', 170000.00, 'WS003', '李四', '在用'),
('EQ015', 'CNC-015', '2021-05-19', 205000.00, 'WS003', '王五', '报废'),
('EQ016', 'CNC-016', '2020-06-03', 145000.00, 'WS004', '赵六', '在用'),
('EQ017', 'CNC-017', '2020-07-17', 180000.00, 'WS004', '张三', '在用'),
('EQ018', 'CNC-018', '2020-08-21', 215000.00, 'WS004', '李四', '在用'),
('EQ019', 'CNC-019', '2020-09-28', 150000.00, 'WS004', '王五', '维修'),
('EQ020', 'CNC-020', '2020-10-09', 190000.00, 'WS004', '赵六', '在用'),
('EQ021', 'CNC-021', '2022-01-13', 165000.00, 'WS005', '张三', '在用'),
('EQ022', 'CNC-022', '2022-02-27', 200000.00, 'WS005', '李四', '在用'),
('EQ023', 'CNC-023', '2022-03-15', 225000.00, 'WS005', '王五', '在用'),
('EQ024', 'CNC-024', '2022-04-22', 160000.00, 'WS005', '赵六', '在用'),
('EQ025', 'CNC-025', '2022-05-30', 195000.00, 'WS005', '张三', '在用'),
('EQ026', 'MILL-001', '2020-11-05', 120000.00, 'WS001', '李四', '在用'),
('EQ027', 'MILL-002', '2020-12-18', 135000.00, 'WS001', '王五', '在用'),
('EQ028', 'MILL-003', '2021-06-07', 125000.00, 'WS002', '赵六', '在用'),
('EQ029', 'MILL-004', '2021-07-20', 140000.00, 'WS002', '张三', '维修'),
('EQ030', 'MILL-005', '2021-08-14', 130000.00, 'WS003', '李四', '在用'),
('EQ031', 'LATHE-001', '2019-11-12', 110000.00, 'WS003', '王五', '在用'),
('EQ032', 'LATHE-002', '2019-12-25', 115000.00, 'WS004', '赵六', '在用'),
('EQ033', 'LATHE-003', '2020-11-08', 120000.00, 'WS004', '张三', '在用'),
('EQ034', 'LATHE-004', '2021-09-16', 125000.00, 'WS005', '李四', '在用'),
('EQ035', 'LATHE-005', '2021-10-29', 130000.00, 'WS005', '王五', '在用'),
('EQ036', 'GRIND-001', '2020-12-03', 100000.00, 'WS001', '赵六', '在用'),
('EQ037', 'GRIND-002', '2021-11-11', 105000.00, 'WS002', '张三', '在用'),
('EQ038', 'GRIND-003', '2022-06-19', 110000.00, 'WS003', '李四', '在用'),
('EQ039', 'GRIND-004', '2022-07-26', 115000.00, 'WS004', '王五', '在用'),
('EQ040', 'GRIND-005', '2022-08-13', 120000.00, 'WS005', '赵六', '在用'),
('EQ041', 'DRILL-001', '2020-01-22', 95000.00, 'WS001', '张三', '在用'),
('EQ042', 'DRILL-002', '2020-02-14', 98000.00, 'WS002', '李四', '在用'),
('EQ043', 'DRILL-003', '2021-01-05', 100000.00, 'WS003', '王五', '在用'),
('EQ044', 'DRILL-004', '2021-12-17', 102000.00, 'WS004', '赵六', '在用'),
('EQ045', 'DRILL-005', '2022-01-24', 105000.00, 'WS005', '张三', '在用'),
('EQ046', 'PRESS-001', '2019-01-10', 85000.00, 'WS001', '李四', '报废'),
('EQ047', 'PRESS-002', '2020-03-28', 90000.00, 'WS002', '王五', '在用'),
('EQ048', 'PRESS-003', '2021-04-15', 92000.00, 'WS003', '赵六', '在用'),
('EQ049', 'PRESS-004', '2022-05-22', 95000.00, 'WS004', '张三', '在用'),
('EQ050', 'PRESS-005', '2022-09-08', 98000.00, 'WS005', '李四', '在用')
ON DUPLICATE KEY UPDATE 
    model = VALUES(model),
    factory_date = VALUES(factory_date),
    purchase_price = VALUES(purchase_price),
    workshop_id = VALUES(workshop_id),
    responsible_person = VALUES(responsible_person),
    status = VALUES(status);

-- 插入300条维修记录（模拟数据）
-- 这里生成一些示例数据，实际可以根据需要调整
INSERT INTO maintenance (maintenance_id, equipment_id, maintenance_time, fault_description, fault_type, maintenance_cost) VALUES
('MT001', 'EQ001', '2023-01-15 10:30:00', '主轴异常噪音', '主轴故障', 5000.00),
('MT002', 'EQ002', '2023-01-20 14:20:00', '液压系统泄漏', '液压故障', 3500.00),
('MT003', 'EQ003', '2023-02-05 09:15:00', '电气系统故障', '电气故障', 4200.00),
('MT004', 'EQ004', '2023-02-12 11:45:00', '主轴异常噪音', '主轴故障', 4800.00),
('MT005', 'EQ005', '2023-02-18 15:30:00', '冷却系统故障', '冷却故障', 2800.00),
('MT006', 'EQ001', '2023-03-10 08:20:00', '主轴异常噪音', '主轴故障', 5200.00),
('MT007', 'EQ006', '2023-03-15 13:10:00', '刀具磨损严重', '刀具故障', 1500.00),
('MT008', 'EQ007', '2023-03-22 10:50:00', '液压系统泄漏', '液压故障', 3600.00),
('MT009', 'EQ008', '2023-04-05 14:30:00', '电气系统故障', '电气故障', 4100.00),
('MT010', 'EQ009', '2023-04-12 09:25:00', '主轴异常噪音', '主轴故障', 4900.00),
('MT011', 'EQ010', '2023-04-20 11:15:00', '冷却系统故障', '冷却故障', 2700.00),
('MT012', 'EQ002', '2023-05-08 15:40:00', '液压系统泄漏', '液压故障', 3400.00),
('MT013', 'EQ011', '2023-05-15 08:30:00', '电气系统故障', '电气故障', 4300.00),
('MT014', 'EQ012', '2023-05-22 12:20:00', '主轴异常噪音', '主轴故障', 5100.00),
('MT015', 'EQ013', '2023-06-05 10:10:00', '冷却系统故障', '冷却故障', 2900.00),
('MT016', 'EQ001', '2023-06-18 14:50:00', '主轴异常噪音', '主轴故障', 5300.00),
('MT017', 'EQ014', '2023-06-25 09:35:00', '液压系统泄漏', '液压故障', 3700.00),
('MT018', 'EQ015', '2023-07-08 13:25:00', '电气系统故障', '电气故障', 4400.00),
('MT019', 'EQ016', '2023-07-15 11:15:00', '主轴异常噪音', '主轴故障', 5000.00),
('MT020', 'EQ017', '2023-07-22 15:05:00', '冷却系统故障', '冷却故障', 2600.00),
('MT021', 'EQ003', '2023-08-10 08:45:00', '电气系统故障', '电气故障', 4500.00),
('MT022', 'EQ018', '2023-08-18 12:30:00', '液压系统泄漏', '液压故障', 3800.00),
('MT023', 'EQ019', '2023-08-25 10:20:00', '主轴异常噪音', '主轴故障', 5400.00),
('MT024', 'EQ020', '2023-09-05 14:10:00', '冷却系统故障', '冷却故障', 3000.00),
('MT025', 'EQ004', '2023-09-12 09:00:00', '主轴异常噪音', '主轴故障', 5500.00),
('MT026', 'EQ021', '2023-09-20 13:50:00', '电气系统故障', '电气故障', 4600.00),
('MT027', 'EQ022', '2023-10-08 11:40:00', '液压系统泄漏', '液压故障', 3900.00),
('MT028', 'EQ023', '2023-10-15 15:30:00', '主轴异常噪音', '主轴故障', 5600.00),
('MT029', 'EQ024', '2023-10-22 08:20:00', '冷却系统故障', '冷却故障', 3100.00),
('MT030', 'EQ005', '2023-11-05 12:10:00', '液压系统泄漏', '液压故障', 4000.00),
('MT031', 'EQ025', '2023-11-12 10:00:00', '电气系统故障', '电气故障', 4700.00),
('MT032', 'EQ026', '2023-11-20 14:50:00', '主轴异常噪音', '主轴故障', 5700.00),
('MT033', 'EQ027', '2023-12-05 09:40:00', '冷却系统故障', '冷却故障', 3200.00),
('MT034', 'EQ028', '2023-12-12 13:30:00', '液压系统泄漏', '液压故障', 4100.00),
('MT035', 'EQ029', '2023-12-20 11:20:00', '电气系统故障', '电气故障', 4800.00),
('MT036', 'EQ001', '2024-01-08 15:10:00', '主轴异常噪音', '主轴故障', 5800.00),
('MT037', 'EQ030', '2024-01-15 08:00:00', '冷却系统故障', '冷却故障', 3300.00),
('MT038', 'EQ031', '2024-01-22 12:50:00', '液压系统泄漏', '液压故障', 4200.00),
('MT039', 'EQ032', '2024-02-05 10:40:00', '电气系统故障', '电气故障', 4900.00),
('MT040', 'EQ033', '2024-02-12 14:30:00', '主轴异常噪音', '主轴故障', 5900.00),
('MT041', 'EQ006', '2024-02-20 09:20:00', '冷却系统故障', '冷却故障', 3400.00),
('MT042', 'EQ034', '2024-03-08 13:10:00', '液压系统泄漏', '液压故障', 4300.00),
('MT043', 'EQ035', '2024-03-15 11:00:00', '电气系统故障', '电气故障', 5000.00),
('MT044', 'EQ036', '2024-03-22 15:50:00', '主轴异常噪音', '主轴故障', 6000.00),
('MT045', 'EQ037', '2024-04-05 08:40:00', '冷却系统故障', '冷却故障', 3500.00),
('MT046', 'EQ002', '2024-04-12 12:30:00', '液压系统泄漏', '液压故障', 4400.00),
('MT047', 'EQ038', '2024-04-20 10:20:00', '电气系统故障', '电气故障', 5100.00),
('MT048', 'EQ039', '2024-05-08 14:10:00', '主轴异常噪音', '主轴故障', 6100.00),
('MT049', 'EQ040', '2024-05-15 09:00:00', '冷却系统故障', '冷却故障', 3600.00),
('MT050', 'EQ041', '2024-05-22 13:50:00', '液压系统泄漏', '液压故障', 4500.00)
ON DUPLICATE KEY UPDATE 
    equipment_id = VALUES(equipment_id),
    maintenance_time = VALUES(maintenance_time),
    fault_description = VALUES(fault_description),
    fault_type = VALUES(fault_type),
    maintenance_cost = VALUES(maintenance_cost);

-- 继续插入更多维修记录以达到300条
-- 为了简化，这里只插入50条示例数据
-- 实际使用时可以通过脚本生成更多数据

